Workbook

Sheet Январь
A1: ФИО | B1: Должность | C1: Оклад | D1: Премия | E1: Заработна плата | K1: Должность | L1: Оклад
A2: Межуев Сергей Иванович | B2: {=INDEX($K$2:$K$6, RANDBETWEEN(1, COUNTA($K$2:$K$6)))} -> Уборщик | C2: =VLOOKUP(B2,$K$2:$L$6,2,0) -> 5500 | D2: =RANDBETWEEN(5000,20000) -> 19198 | E2: =SUM(C2,D2) -> 24698 | K2: Директор | L2: 15000
A3: Петров Иван Сергеевич | B3: {=INDEX($K$2:$K$6, RANDBETWEEN(1, COUNTA($K$2:$K$6)))} -> Бариста | C3: =VLOOKUP(B3,$K$2:$L$6,2,0) -> 7500 | D3: =RANDBETWEEN(5000,20000) -> 7246 | E3: =SUM(C3,D3) -> 14746 | K3: Админимстратор | L3: 10000
A4: Смирнова Анна Дмитриевна | B4: {=INDEX($K$2:$K$6, RANDBETWEEN(1, COUNTA($K$2:$K$6)))} -> Бариста | C4: =VLOOKUP(B4,$K$2:$L$6,2,0) -> 7500 | D4: =RANDBETWEEN(5000,20000) -> 5556 | E4: =SUM(C4,D4) -> 13056 | K4: Бариста | L4: 7500
A5: Козлов Дмитрий Александрович | B5: {=INDEX($K$2:$K$6, RANDBETWEEN(1, COUNTA($K$2:$K$6)))} -> Админимстратор | C5: =VLOOKUP(B5,$K$2:$L$6,2,0) -> 10000 | D5: =RANDBETWEEN(5000,20000) -> 5231 | E5: =SUM(C5,D5) -> 15231 | K5: Уборщик | L5: 5500
A6: Васильева Елена Михайловна | B6: {=INDEX($K$2:$K$6, RANDBETWEEN(1, COUNTA($K$2:$K$6)))} -> Директор | C6: =VLOOKUP(B6,$K$2:$L$6,2,0) -> 15000 | D6: =RANDBETWEEN(5000,20000) -> 17762 | E6: =SUM(C6,D6) -> 32762 | K6: Курьер | L6: 4000
A7: Новиков Андрей Владимирович | B7: {=INDEX($K$2:$K$6, RANDBETWEEN(1, COUNTA($K$2:$K$6)))} -> Курьер | C7: =VLOOKUP(B7,$K$2:$L$6,2,0) -> 4000 | D7: =RANDBETWEEN(5000,20000) -> 12995 | E7: =SUM(C7,D7) -> 16995
A8: Соколова Ольга Николаевна | B8: {=INDEX($K$2:$K$6, RANDBETWEEN(1, COUNTA($K$2:$K$6)))} -> Курьер | C8: =VLOOKUP(B8,$K$2:$L$6,2,0) -> 4000 | D8: =RANDBETWEEN(5000,20000) -> 10655 | E8: =SUM(C8,D8) -> 14655
A9: Фёдоров Максим Петрович | B9: {=INDEX($K$2:$K$6, RANDBETWEEN(1, COUNTA($K$2:$K$6)))} -> Уборщик | C9: =VLOOKUP(B9,$K$2:$L$6,2,0) -> 5500 | D9: =RANDBETWEEN(5000,20000) -> 6381 | E9: =SUM(C9,D9) -> 11881
A10: Лебедева Ирина Константиновна | B10: {=INDEX($K$2:$K$6, RANDBETWEEN(1, COUNTA($K$2:$K$6)))} -> Бариста | C10: =VLOOKUP(B10,$K$2:$L$6,2,0) -> 7500 | D10: =RANDBETWEEN(5000,20000) -> 11311 | E10: =SUM(C10,D10) -> 18811
A11: Морозов Никита Андреевич | B11: {=INDEX($K$2:$K$6, RANDBETWEEN(1, COUNTA($K$2:$K$6)))} -> Курьер | C11: =VLOOKUP(B11,$K$2:$L$6,2,0) -> 4000 | D11: =RANDBETWEEN(5000,20000) -> 9348 | E11: =SUM(C11,D11) -> 13348
A12: Волкова Юлия Павловна | B12: {=INDEX($K$2:$K$6, RANDBETWEEN(1, COUNTA($K$2:$K$6)))} -> Уборщик | C12: =VLOOKUP(B12,$K$2:$L$6,2,0) -> 5500 | D12: =RANDBETWEEN(5000,20000) -> 12976 | E12: =SUM(C12,D12) -> 18476
A13: Павлов Кирилл Викторович | B13: {=INDEX($K$2:$K$6, RANDBETWEEN(1, COUNTA($K$2:$K$6)))} -> Курьер | C13: =VLOOKUP(B13,$K$2:$L$6,2,0) -> 4000 | D13: =RANDBETWEEN(5000,20000) -> 9340 | E13: =SUM(C13,D13) -> 13340
A14: Семёнова Татьяна Фёдоровна | B14: {=INDEX($K$2:$K$6, RANDBETWEEN(1, COUNTA($K$2:$K$6)))} -> Директор | C14: =VLOOKUP(B14,$K$2:$L$6,2,0) -> 15000 | D14: =RANDBETWEEN(5000,20000) -> 19957 | E14: =SUM(C14,D14) -> 34957
A15: Михайлов Артём Ильич | B15: {=INDEX($K$2:$K$6, RANDBETWEEN(1, COUNTA($K$2:$K$6)))} -> Админимстратор | C15: =VLOOKUP(B15,$K$2:$L$6,2,0) -> 10000 | D15: =RANDBETWEEN(5000,20000) -> 14759 | E15: =SUM(C15,D15) -> 24759
A16: Орлова Светлана Григорьевна | B16: {=INDEX($K$2:$K$6, RANDBETWEEN(1, COUNTA($K$2:$K$6)))} -> Курьер | C16: =VLOOKUP(B16,$K$2:$L$6,2,0) -> 4000 | D16: =RANDBETWEEN(5000,20000) -> 9830 | E16: =SUM(C16,D16) -> 13830
A17: Зайцев Роман Юрьевич | B17: {=INDEX($K$2:$K$6, RANDBETWEEN(1, COUNTA($K$2:$K$6)))} -> Уборщик | C17: =VLOOKUP(B17,$K$2:$L$6,2,0) -> 5500 | D17: =RANDBETWEEN(5000,20000) -> 5520 | E17: =SUM(C17,D17) -> 11020
A18: Егорова Надежда Степановна | B18: {=INDEX($K$2:$K$6, RANDBETWEEN(1, COUNTA($K$2:$K$6)))} -> Бариста | C18: =VLOOKUP(B18,$K$2:$L$6,2,0) -> 7500 | D18: =RANDBETWEEN(5000,20000) -> 9206 | E18: =SUM(C18,D18) -> 16706
... A31: Павлов Станислав Владимирович | B31: {=INDEX($K$2:$K$6, RANDBETWEEN(1, COUNTA($K$2:$K$6)))} -> Уборщик | C31: =VLOOKUP(B31,$K$2:$L$6,2,0) -> 5500 | D31: =RANDBETWEEN(5000,20000) -> 13808 | E31: =SUM(C31,D31) -> 19308

Sheet Фераль
A1: ФИО | B1: Должность | C1: Оклад | D1: Премия | E1: Заработна плата | K1: Должность | L1: Оклад
A2: Межуев Сергей Иванович | B2: =Январь!B2 -> Уборщик | C2: =VLOOKUP(B2,$K$2:$L$6,2,0) -> 5000 | D2: =RANDBETWEEN(5000,20000) -> 16347 | E2: =SUM(C2,D2) -> 21347 | K2: Директор | L2: 20000
A3: Петров Иван Сергеевич | B3: =Январь!B3 -> Бариста | C3: =VLOOKUP(B3,$K$2:$L$6,2,0) -> 9000 | D3: =RANDBETWEEN(5000,20000) -> 5244 | E3: =SUM(C3,D3) -> 14244 | K3: Админимстратор | L3: 15000
A4: Смирнова Анна Дмитриевна | B4: =Январь!B4 -> Бариста | C4: =VLOOKUP(B4,$K$2:$L$6,2,0) -> 9000 | D4: =RANDBETWEEN(5000,20000) -> 15761 | E4: =SUM(C4,D4) -> 24761 | K4: Бариста | L4: 9000
A5: Козлов Дмитрий Александрович | B5: =Январь!B5 -> Админимстратор | C5: =VLOOKUP(B5,$K$2:$L$6,2,0) -> 15000 | D5: =RANDBETWEEN(5000,20000) -> 5469 | E5: =SUM(C5,D5) -> 20469 | K5: Уборщик | L5: 5000
A6: Васильева Елена Михайловна | B6: =Январь!B6 -> Директор | C6: =VLOOKUP(B6,$K$2:$L$6,2,0) -> 20000 | D6: =RANDBETWEEN(5000,20000) -> 6075 | E6: =SUM(C6,D6) -> 26075 | K6: Курьер | L6: 4500
A7: Новиков Андрей Владимирович | B7: =Январь!B7 -> Курьер | C7: =VLOOKUP(B7,$K$2:$L$6,2,0) -> 4500 | D7: =RANDBETWEEN(5000,20000) -> 19654 | E7: =SUM(C7,D7) -> 24154
A8: Соколова Ольга Николаевна | B8: =Январь!B8 -> Курьер | C8: =VLOOKUP(B8,$K$2:$L$6,2,0) -> 4500 | D8: =RANDBETWEEN(5000,20000) -> 9720 | E8: =SUM(C8,D8) -> 14220
A9: Фёдоров Максим Петрович | B9: =Январь!B9 -> Уборщик | C9: =VLOOKUP(B9,$K$2:$L$6,2,0) -> 5000 | D9: =RANDBETWEEN(5000,20000) -> 8676 | E9: =SUM(C9,D9) -> 13676
A10: Лебедева Ирина Константиновна | B10: =Январь!B10 -> Бариста | C10: =VLOOKUP(B10,$K$2:$L$6,2,0) -> 9000 | D10: =RANDBETWEEN(5000,20000) -> 13500 | E10: =SUM(C10,D10) -> 22500
A11: Морозов Никита Андреевич | B11: =Январь!B11 -> Курьер | C11: =VLOOKUP(B11,$K$2:$L$6,2,0) -> 4500 | D11: =RANDBETWEEN(5000,20000) -> 17176 | E11: =SUM(C11,D11) -> 21676
A12: Волкова Юлия Павловна | B12: =Январь!B12 -> Уборщик | C12: =VLOOKUP(B12,$K$2:$L$6,2,0) -> 5000 | D12: =RANDBETWEEN(5000,20000) -> 9774 | E12: =SUM(C12,D12) -> 14774
A13: Павлов Кирилл Викторович | B13: =Январь!B13 -> Курьер | C13: =VLOOKUP(B13,$K$2:$L$6,2,0) -> 4500 | D13: =RANDBETWEEN(5000,20000) -> 19190 | E13: =SUM(C13,D13) -> 23690
A14: Семёнова Татьяна Фёдоровна | B14: =Январь!B14 -> Директор | C14: =VLOOKUP(B14,$K$2:$L$6,2,0) -> 20000 | D14: =RANDBETWEEN(5000,20000) -> 16239 | E14: =SUM(C14,D14) -> 36239
A15: Михайлов Артём Ильич | B15: =Январь!B15 -> Админимстратор | C15: =VLOOKUP(B15,$K$2:$L$6,2,0) -> 15000 | D15: =RANDBETWEEN(5000,20000) -> 16887 | E15: =SUM(C15,D15) -> 31887
A16: Орлова Светлана Григорьевна | B16: =Январь!B16 -> Курьер | C16: =VLOOKUP(B16,$K$2:$L$6,2,0) -> 4500 | D16: =RANDBETWEEN(5000,20000) -> 6743 | E16: =SUM(C16,D16) -> 11243
A17: Зайцев Роман Юрьевич | B17: =Январь!B17 -> Уборщик | C17: =VLOOKUP(B17,$K$2:$L$6,2,0) -> 5000 | D17: =RANDBETWEEN(5000,20000) -> 9435 | E17: =SUM(C17,D17) -> 14435
A18: Егорова Надежда Степановна | B18: =Январь!B18 -> Бариста | C18: =VLOOKUP(B18,$K$2:$L$6,2,0) -> 9000 | D18: =RANDBETWEEN(5000,20000) -> 10370 | E18: =SUM(C18,D18) -> 19370
... A31: Павлов Станислав Владимирович | B31: =Январь!B31 -> Уборщик | C31: =VLOOKUP(B31,$K$2:$L$6,2,0) -> 5000 | D31: =RANDBETWEEN(5000,20000) -> 15572 | E31: =SUM(C31,D31) -> 20572

Sheet Март
A1: ФИО | B1: Должность | C1: Оклад | D1: Премия | E1: Заработна плата | K1: Должность | L1: Оклад
A2: Межуев Сергей Иванович | B2: =Январь!B2 -> Уборщик | C2: =VLOOKUP(B2,$K$2:$L$6,2,0) -> 7500 | D2: =RANDBETWEEN(5000,20000) -> 16036 | E2: =SUM(C2,D2) -> 23536 | K2: Директор | L2: 23500
A3: Петров Иван Сергеевич | B3: =Январь!B3 -> Бариста | C3: =VLOOKUP(B3,$K$2:$L$6,2,0) -> 13500 | D3: =RANDBETWEEN(5000,20000) -> 14920 | E3: =SUM(C3,D3) -> 28420 | K3: Админимстратор | L3: 12500
A4: Смирнова Анна Дмитриевна | B4: =Январь!B4 -> Бариста | C4: =VLOOKUP(B4,$K$2:$L$6,2,0) -> 13500 | D4: =RANDBETWEEN(5000,20000) -> 9320 | E4: =SUM(C4,D4) -> 22820 | K4: Бариста | L4: 13500
A5: Козлов Дмитрий Александрович | B5: =Январь!B5 -> Админимстратор | C5: =VLOOKUP(B5,$K$2:$L$6,2,0) -> 12500 | D5: =RANDBETWEEN(5000,20000) -> 11043 | E5: =SUM(C5,D5) -> 23543 | K5: Уборщик | L5: 7500
A6: Васильева Елена Михайловна | B6: =Январь!B6 -> Директор | C6: =VLOOKUP(B6,$K$2:$L$6,2,0) -> 23500 | D6: =RANDBETWEEN(5000,20000) -> 13211 | E6: =SUM(C6,D6) -> 36711 | K6: Курьер | L6: 6500
A7: Новиков Андрей Владимирович | B7: =Январь!B7 -> Курьер | C7: =VLOOKUP(B7,$K$2:$L$6,2,0) -> 6500 | D7: =RANDBETWEEN(5000,20000) -> 8790 | E7: =SUM(C7,D7) -> 15290
A8: Соколова Ольга Николаевна | B8: =Январь!B8 -> Курьер | C8: =VLOOKUP(B8,$K$2:$L$6,2,0) -> 6500 | D8: =RANDBETWEEN(5000,20000) -> 11116 | E8: =SUM(C8,D8) -> 17616
A9: Фёдоров Максим Петрович | B9: =Январь!B9 -> Уборщик | C9: =VLOOKUP(B9,$K$2:$L$6,2,0) -> 7500 | D9: =RANDBETWEEN(5000,20000) -> 5757 | E9: =SUM(C9,D9) -> 13257
A10: Лебедева Ирина Константиновна | B10: =Январь!B10 -> Бариста | C10: =VLOOKUP(B10,$K$2:$L$6,2,0) -> 13500 | D10: =RANDBETWEEN(5000,20000) -> 13793 | E10: =SUM(C10,D10) -> 27293
A11: Морозов Никита Андреевич | B11: =Январь!B11 -> Курьер | C11: =VLOOKUP(B11,$K$2:$L$6,2,0) -> 6500 | D11: =RANDBETWEEN(5000,20000) -> 10456 | E11: =SUM(C11,D11) -> 16956
A12: Волкова Юлия Павловна | B12: =Январь!B12 -> Уборщик | C12: =VLOOKUP(B12,$K$2:$L$6,2,0) -> 7500 | D12: =RANDBETWEEN(5000,20000) -> 18858 | E12: =SUM(C12,D12) -> 26358
A13: Павлов Кирилл Викторович | B13: =Январь!B13 -> Курьер | C13: =VLOOKUP(B13,$K$2:$L$6,2,0) -> 6500 | D13: =RANDBETWEEN(5000,20000) -> 7711 | E13: =SUM(C13,D13) -> 14211
A14: Семёнова Татьяна Фёдоровна | B14: =Январь!B14 -> Директор | C14: =VLOOKUP(B14,$K$2:$L$6,2,0) -> 23500 | D14: =RANDBETWEEN(5000,20000) -> 15258 | E14: =SUM(C14,D14) -> 38758
A15: Михайлов Артём Ильич | B15: =Январь!B15 -> Админимстратор | C15: =VLOOKUP(B15,$K$2:$L$6,2,0) -> 12500 | D15: =RANDBETWEEN(5000,20000) -> 8708 | E15: =SUM(C15,D15) -> 21208
A16: Орлова Светлана Григорьевна | B16: =Январь!B16 -> Курьер | C16: =VLOOKUP(B16,$K$2:$L$6,2,0) -> 6500 | D16: =RANDBETWEEN(5000,20000) -> 7464 | E16: =SUM(C16,D16) -> 13964
A17: Зайцев Роман Юрьевич | B17: =Январь!B17 -> Уборщик | C17: =VLOOKUP(B17,$K$2:$L$6,2,0) -> 7500 | D17: =RANDBETWEEN(5000,20000) -> 16049 | E17: =SUM(C17,D17) -> 23549
A18: Егорова Надежда Степановна | B18: =Январь!B18 -> Бариста | C18: =VLOOKUP(B18,$K$2:$L$6,2,0) -> 13500 | D18: =RANDBETWEEN(5000,20000) -> 11055 | E18: =SUM(C18,D18) -> 24555
... A31: Павлов Станислав Владимирович | B31: =Январь!B31 -> Уборщик | C31: =VLOOKUP(B31,$K$2:$L$6,2,0) -> 7500 | D31: =RANDBETWEEN(5000,20000) -> 17093 | E31: =SUM(C31,D31) -> 24593

Sheet Апрель
A1: ФИО | B1: Должность | C1: Оклад | D1: Премия | E1: Заработна плата | K1: Должность | L1: Оклад
A2: Межуев Сергей Иванович | B2: =Январь!B2 -> Уборщик | C2: =VLOOKUP(B2,$K$2:$L$6,2,0) -> 6000 | D2: =RANDBETWEEN(5000,20000) -> 17783 | E2: =SUM(C2,D2) -> 23783 | K2: Директор | L2: 21500
A3: Петров Иван Сергеевич | B3: =Январь!B3 -> Бариста | C3: =VLOOKUP(B3,$K$2:$L$6,2,0) -> 11000 | D3: =RANDBETWEEN(5000,20000) -> 9187 | E3: =SUM(C3,D3) -> 20187 | K3: Админимстратор | L3: 17500
A4: Смирнова Анна Дмитриевна | B4: =Январь!B4 -> Бариста | C4: =VLOOKUP(B4,$K$2:$L$6,2,0) -> 11000 | D4: =RANDBETWEEN(5000,20000) -> 7174 | E4: =SUM(C4,D4) -> 18174 | K4: Бариста | L4: 11000
A5: Козлов Дмитрий Александрович | B5: =Январь!B5 -> Админимстратор | C5: =VLOOKUP(B5,$K$2:$L$6,2,0) -> 17500 | D5: =RANDBETWEEN(5000,20000) -> 15142 | E5: =SUM(C5,D5) -> 32642 | K5: Уборщик | L5: 6000
A6: Васильева Елена Михайловна | B6: =Январь!B6 -> Директор | C6: =VLOOKUP(B6,$K$2:$L$6,2,0) -> 21500 | D6: =RANDBETWEEN(5000,20000) -> 10242 | E6: =SUM(C6,D6) -> 31742 | K6: Курьер | L6: 7500
A7: Новиков Андрей Владимирович | B7: =Январь!B7 -> Курьер | C7: =VLOOKUP(B7,$K$2:$L$6,2,0) -> 7500 | D7: =RANDBETWEEN(5000,20000) -> 7665 | E7: =SUM(C7,D7) -> 15165
A8: Соколова Ольга Николаевна | B8: =Январь!B8 -> Курьер | C8: =VLOOKUP(B8,$K$2:$L$6,2,0) -> 7500 | D8: =RANDBETWEEN(5000,20000) -> 6375 | E8: =SUM(C8,D8) -> 13875
A9: Фёдоров Максим Петрович | B9: =Январь!B9 -> Уборщик | C9: =VLOOKUP(B9,$K$2:$L$6,2,0) -> 6000 | D9: =RANDBETWEEN(5000,20000) -> 7034 | E9: =SUM(C9,D9) -> 13034
A10: Лебедева Ирина Константиновна | B10: =Январь!B10 -> Бариста | C10: =VLOOKUP(B10,$K$2:$L$6,2,0) -> 11000 | D10: =RANDBETWEEN(5000,20000) -> 14587 | E10: =SUM(C10,D10) -> 25587
A11: Морозов Никита Андреевич | B11: =Январь!B11 -> Курьер | C11: =VLOOKUP(B11,$K$2:$L$6,2,0) -> 7500 | D11: =RANDBETWEEN(5000,20000) -> 19686 | E11: =SUM(C11,D11) -> 27186
A12: Волкова Юлия Павловна | B12: =Январь!B12 -> Уборщик | C12: =VLOOKUP(B12,$K$2:$L$6,2,0) -> 6000 | D12: =RANDBETWEEN(5000,20000) -> 8543 | E12: =SUM(C12,D12) -> 14543
A13: Павлов Кирилл Викторович | B13: =Январь!B13 -> Курьер | C13: =VLOOKUP(B13,$K$2:$L$6,2,0) -> 7500 | D13: =RANDBETWEEN(5000,20000) -> 9550 | E13: =SUM(C13,D13) -> 17050
A14: Семёнова Татьяна Фёдоровна | B14: =Январь!B14 -> Директор | C14: =VLOOKUP(B14,$K$2:$L$6,2,0) -> 21500 | D14: =RANDBETWEEN(5000,20000) -> 15456 | E14: =SUM(C14,D14) -> 36956
A15: Михайлов Артём Ильич | B15: =Январь!B15 -> Админимстратор | C15: =VLOOKUP(B15,$K$2:$L$6,2,0) -> 17500 | D15: =RANDBETWEEN(5000,20000) -> 17301 | E15: =SUM(C15,D15) -> 34801
A16: Орлова Светлана Григорьевна | B16: =Январь!B16 -> Курьер | C16: =VLOOKUP(B16,$K$2:$L$6,2,0) -> 7500 | D16: =RANDBETWEEN(5000,20000) -> 7581 | E16: =SUM(C16,D16) -> 15081
A17: Зайцев Роман Юрьевич | B17: =Январь!B17 -> Уборщик | C17: =VLOOKUP(B17,$K$2:$L$6,2,0) -> 6000 | D17: =RANDBETWEEN(5000,20000) -> 13350 | E17: =SUM(C17,D17) -> 19350
A18: Егорова Надежда Степановна | B18: =Январь!B18 -> Бариста | C18: =VLOOKUP(B18,$K$2:$L$6,2,0) -> 11000 | D18: =RANDBETWEEN(5000,20000) -> 19945 | E18: =SUM(C18,D18) -> 30945
... A31: Павлов Станислав Владимирович | B31: =Январь!B31 -> Уборщик | C31: =VLOOKUP(B31,$K$2:$L$6,2,0) -> 6000 | D31: =RANDBETWEEN(5000,20000) -> 7442 | E31: =SUM(C31,D31) -> 13442

Sheet Май
A1: ФИО | B1: Должность | C1: Оклад | D1: Премия | E1: Заработна плата | K1: Должность | L1: Оклад
A2: Межуев Сергей Иванович | B2: =Январь!B2 -> Уборщик | C2: =VLOOKUP(B2,$K$2:$L$6,2,0) -> 7750 | D2: =RANDBETWEEN(5000,20000) -> 16808 | E2: =SUM(C2,D2) -> 24558 | K2: Директор | L2: 26500
A3: Петров Иван Сергеевич | B3: =Январь!B3 -> Бариста | C3: =VLOOKUP(B3,$K$2:$L$6,2,0) -> 14750 | D3: =RANDBETWEEN(5000,20000) -> 14900 | E3: =SUM(C3,D3) -> 29650 | K3: Админимстратор | L3: 20500
A4: Смирнова Анна Дмитриевна | B4: =Январь!B4 -> Бариста | C4: =VLOOKUP(B4,$K$2:$L$6,2,0) -> 14750 | D4: =RANDBETWEEN(5000,20000) -> 7698 | E4: =SUM(C4,D4) -> 22448 | K4: Бариста | L4: 14750
A5: Козлов Дмитрий Александрович | B5: =Январь!B5 -> Админимстратор | C5: =VLOOKUP(B5,$K$2:$L$6,2,0) -> 20500 | D5: =RANDBETWEEN(5000,20000) -> 15995 | E5: =SUM(C5,D5) -> 36495 | K5: Уборщик | L5: 7750
A6: Васильева Елена Михайловна | B6: =Январь!B6 -> Директор | C6: =VLOOKUP(B6,$K$2:$L$6,2,0) -> 26500 | D6: =RANDBETWEEN(5000,20000) -> 19590 | E6: =SUM(C6,D6) -> 46090 | K6: Курьер | L6: 7250
A7: Новиков Андрей Владимирович | B7: =Январь!B7 -> Курьер | C7: =VLOOKUP(B7,$K$2:$L$6,2,0) -> 7250 | D7: =RANDBETWEEN(5000,20000) -> 16065 | E7: =SUM(C7,D7) -> 23315
A8: Соколова Ольга Николаевна | B8: =Январь!B8 -> Курьер | C8: =VLOOKUP(B8,$K$2:$L$6,2,0) -> 7250 | D8: =RANDBETWEEN(5000,20000) -> 13289 | E8: =SUM(C8,D8) -> 20539
A9: Фёдоров Максим Петрович | B9: =Январь!B9 -> Уборщик | C9: =VLOOKUP(B9,$K$2:$L$6,2,0) -> 7750 | D9: =RANDBETWEEN(5000,20000) -> 6384 | E9: =SUM(C9,D9) -> 14134
A10: Лебедева Ирина Константиновна | B10: =Январь!B10 -> Бариста | C10: =VLOOKUP(B10,$K$2:$L$6,2,0) -> 14750 | D10: =RANDBETWEEN(5000,20000) -> 18881 | E10: =SUM(C10,D10) -> 33631
A11: Морозов Никита Андреевич | B11: =Январь!B11 -> Курьер | C11: =VLOOKUP(B11,$K$2:$L$6,2,0) -> 7250 | D11: =RANDBETWEEN(5000,20000) -> 6882 | E11: =SUM(C11,D11) -> 14132
A12: Волкова Юлия Павловна | B12: =Январь!B12 -> Уборщик | C12: =VLOOKUP(B12,$K$2:$L$6,2,0) -> 7750 | D12: =RANDBETWEEN(5000,20000) -> 5261 | E12: =SUM(C12,D12) -> 13011
A13: Павлов Кирилл Викторович | B13: =Январь!B13 -> Курьер | C13: =VLOOKUP(B13,$K$2:$L$6,2,0) -> 7250 | D13: =RANDBETWEEN(5000,20000) -> 15701 | E13: =SUM(C13,D13) -> 22951
A14: Семёнова Татьяна Фёдоровна | B14: =Январь!B14 -> Директор | C14: =VLOOKUP(B14,$K$2:$L$6,2,0) -> 26500 | D14: =RANDBETWEEN(5000,20000) -> 5502 | E14: =SUM(C14,D14) -> 32002
A15: Михайлов Артём Ильич | B15: =Январь!B15 -> Админимстратор | C15: =VLOOKUP(B15,$K$2:$L$6,2,0) -> 20500 | D15: =RANDBETWEEN(5000,20000) -> 8003 | E15: =SUM(C15,D15) -> 28503
A16: Орлова Светлана Григорьевна | B16: =Январь!B16 -> Курьер | C16: =VLOOKUP(B16,$K$2:$L$6,2,0) -> 7250 | D16: =RANDBETWEEN(5000,20000) -> 16985 | E16: =SUM(C16,D16) -> 24235
A17: Зайцев Роман Юрьевич | B17: =Январь!B17 -> Уборщик | C17: =VLOOKUP(B17,$K$2:$L$6,2,0) -> 7750 | D17: =RANDBETWEEN(5000,20000) -> 15987 | E17: =SUM(C17,D17) -> 23737
A18: Егорова Надежда Степановна | B18: =Январь!B18 -> Бариста | C18: =VLOOKUP(B18,$K$2:$L$6,2,0) -> 14750 | D18: =RANDBETWEEN(5000,20000) -> 17912 | E18: =SUM(C18,D18) -> 32662
... A31: Павлов Станислав Владимирович | B31: =Январь!B31 -> Уборщик | C31: =VLOOKUP(B31,$K$2:$L$6,2,0) -> 7750 | D31: =RANDBETWEEN(5000,20000) -> 16168 | E31: =SUM(C31,D31) -> 23918

Sheet июнь
A1: ФИО | B1: Должность | C1: Оклад | D1: Премия | E1: Заработна плата | K1: Должность | L1: Оклад
A2: Межуев Сергей Иванович | B2: =Январь!B2 -> Уборщик | C2: =VLOOKUP(B2,$K$2:$L$6,2,0) -> 10500 | D2: =RANDBETWEEN(5000,20000) -> 18549 | E2: =SUM(C2,D2) -> 29049 | K2: Директор | L2: 30000
A3: Петров Иван Сергеевич | B3: =Январь!B3 -> Бариста | C3: =VLOOKUP(B3,$K$2:$L$6,2,0) -> 15750 | D3: =RANDBETWEEN(5000,20000) -> 16758 | E3: =SUM(C3,D3) -> 32508 | K3: Админимстратор | L3: 19250
A4: Смирнова Анна Дмитриевна | B4: =Январь!B4 -> Бариста | C4: =VLOOKUP(B4,$K$2:$L$6,2,0) -> 15750 | D4: =RANDBETWEEN(5000,20000) -> 15790 | E4: =SUM(C4,D4) -> 31540 | K4: Бариста | L4: 15750
A5: Козлов Дмитрий Александрович | B5: =Январь!B5 -> Админимстратор | C5: =VLOOKUP(B5,$K$2:$L$6,2,0) -> 19250 | D5: =RANDBETWEEN(5000,20000) -> 19173 | E5: =SUM(C5,D5) -> 38423 | K5: Уборщик | L5: 10500
A6: Васильева Елена Михайловна | B6: =Январь!B6 -> Директор | C6: =VLOOKUP(B6,$K$2:$L$6,2,0) -> 30000 | D6: =RANDBETWEEN(5000,20000) -> 13063 | E6: =SUM(C6,D6) -> 43063 | K6: Курьер | L6: 10000
A7: Новиков Андрей Владимирович | B7: =Январь!B7 -> Курьер | C7: =VLOOKUP(B7,$K$2:$L$6,2,0) -> 10000 | D7: =RANDBETWEEN(5000,20000) -> 11372 | E7: =SUM(C7,D7) -> 21372
A8: Соколова Ольга Николаевна | B8: =Январь!B8 -> Курьер | C8: =VLOOKUP(B8,$K$2:$L$6,2,0) -> 10000 | D8: =RANDBETWEEN(5000,20000) -> 7203 | E8: =SUM(C8,D8) -> 17203
A9: Фёдоров Максим Петрович | B9: =Январь!B9 -> Уборщик | C9: =VLOOKUP(B9,$K$2:$L$6,2,0) -> 10500 | D9: =RANDBETWEEN(5000,20000) -> 10109 | E9: =SUM(C9,D9) -> 20609
A10: Лебедева Ирина Константиновна | B10: =Январь!B10 -> Бариста | C10: =VLOOKUP(B10,$K$2:$L$6,2,0) -> 15750 | D10: =RANDBETWEEN(5000,20000) -> 12647 | E10: =SUM(C10,D10) -> 28397
A11: Морозов Никита Андреевич | B11: =Январь!B11 -> Курьер | C11: =VLOOKUP(B11,$K$2:$L$6,2,0) -> 10000 | D11: =RANDBETWEEN(5000,20000) -> 14800 | E11: =SUM(C11,D11) -> 24800
A12: Волкова Юлия Павловна | B12: =Январь!B12 -> Уборщик | C12: =VLOOKUP(B12,$K$2:$L$6,2,0) -> 10500 | D12: =RANDBETWEEN(5000,20000) -> 8324 | E12: =SUM(C12,D12) -> 18824
A13: Павлов Кирилл Викторович | B13: =Январь!B13 -> Курьер | C13: =VLOOKUP(B13,$K$2:$L$6,2,0) -> 10000 | D13: =RANDBETWEEN(5000,20000) -> 19026 | E13: =SUM(C13,D13) -> 29026
A14: Семёнова Татьяна Фёдоровна | B14: =Январь!B14 -> Директор | C14: =VLOOKUP(B14,$K$2:$L$6,2,0) -> 30000 | D14: =RANDBETWEEN(5000,20000) -> 16899 | E14: =SUM(C14,D14) -> 46899
A15: Михайлов Артём Ильич | B15: =Январь!B15 -> Админимстратор | C15: =VLOOKUP(B15,$K$2:$L$6,2,0) -> 19250 | D15: =RANDBETWEEN(5000,20000) -> 10035 | E15: =SUM(C15,D15) -> 29285
A16: Орлова Светлана Григорьевна | B16: =Январь!B16 -> Курьер | C16: =VLOOKUP(B16,$K$2:$L$6,2,0) -> 10000 | D16: =RANDBETWEEN(5000,20000) -> 16388 | E16: =SUM(C16,D16) -> 26388
A17: Зайцев Роман Юрьевич | B17: =Январь!B17 -> Уборщик | C17: =VLOOKUP(B17,$K$2:$L$6,2,0) -> 10500 | D17: =RANDBETWEEN(5000,20000) -> 15330 | E17: =SUM(C17,D17) -> 25830
A18: Егорова Надежда Степановна | B18: =Январь!B18 -> Бариста | C18: =VLOOKUP(B18,$K$2:$L$6,2,0) -> 15750 | D18: =RANDBETWEEN(5000,20000) -> 19795 | E18: =SUM(C18,D18) -> 35545
... A31: Павлов Станислав Владимирович | B31: =Январь!B31 -> Уборщик | C31: =VLOOKUP(B31,$K$2:$L$6,2,0) -> 10500 | D31: =RANDBETWEEN(5000,20000) -> 14534 | E31: =SUM(C31,D31) -> 25034

Sheet Июль
A1: ФИО | B1: Должность | C1: Оклад | D1: Премия | E1: Заработна плата | K1: Должность | L1: Оклад
A2: Межуев Сергей Иванович | B2: =Январь!B2 -> Уборщик | C2: =VLOOKUP(B2,$K$2:$L$6,2,0) -> 8500 | D2: =RANDBETWEEN(5000,20000) -> 12288 | E2: =SUM(C2,D2) -> 20788 | K2: Директор | L2: 29800
A3: Петров Иван Сергеевич | B3: =Январь!B3 -> Бариста | C3: =VLOOKUP(B3,$K$2:$L$6,2,0) -> 16000 | D3: =RANDBETWEEN(5000,20000) -> 8689 | E3: =SUM(C3,D3) -> 24689 | K3: Админимстратор | L3: 20000
A4: Смирнова Анна Дмитриевна | B4: =Январь!B4 -> Бариста | C4: =VLOOKUP(B4,$K$2:$L$6,2,0) -> 16000 | D4: =RANDBETWEEN(5000,20000) -> 19743 | E4: =SUM(C4,D4) -> 35743 | K4: Бариста | L4: 16000
A5: Козлов Дмитрий Александрович | B5: =Январь!B5 -> Админимстратор | C5: =VLOOKUP(B5,$K$2:$L$6,2,0) -> 20000 | D5: =RANDBETWEEN(5000,20000) -> 6796 | E5: =SUM(C5,D5) -> 26796 | K5: Уборщик | L5: 8500
A6: Васильева Елена Михайловна | B6: =Январь!B6 -> Директор | C6: =VLOOKUP(B6,$K$2:$L$6,2,0) -> 29800 | D6: =RANDBETWEEN(5000,20000) -> 17185 | E6: =SUM(C6,D6) -> 46985 | K6: Курьер | L6: 6750
A7: Новиков Андрей Владимирович | B7: =Январь!B7 -> Курьер | C7: =VLOOKUP(B7,$K$2:$L$6,2,0) -> 6750 | D7: =RANDBETWEEN(5000,20000) -> 14111 | E7: =SUM(C7,D7) -> 20861
A8: Соколова Ольга Николаевна | B8: =Январь!B8 -> Курьер | C8: =VLOOKUP(B8,$K$2:$L$6,2,0) -> 6750 | D8: =RANDBETWEEN(5000,20000) -> 16157 | E8: =SUM(C8,D8) -> 22907
A9: Фёдоров Максим Петрович | B9: =Январь!B9 -> Уборщик | C9: =VLOOKUP(B9,$K$2:$L$6,2,0) -> 8500 | D9: =RANDBETWEEN(5000,20000) -> 9675 | E9: =SUM(C9,D9) -> 18175
A10: Лебедева Ирина Константиновна | B10: =Январь!B10 -> Бариста | C10: =VLOOKUP(B10,$K$2:$L$6,2,0) -> 16000 | D10: =RANDBETWEEN(5000,20000) -> 12816 | E10: =SUM(C10,D10) -> 28816
A11: Морозов Никита Андреевич | B11: =Январь!B11 -> Курьер | C11: =VLOOKUP(B11,$K$2:$L$6,2,0) -> 6750 | D11: =RANDBETWEEN(5000,20000) -> 5615 | E11: =SUM(C11,D11) -> 12365
A12: Волкова Юлия Павловна | B12: =Январь!B12 -> Уборщик | C12: =VLOOKUP(B12,$K$2:$L$6,2,0) -> 8500 | D12: =RANDBETWEEN(5000,20000) -> 8799 | E12: =SUM(C12,D12) -> 17299
A13: Павлов Кирилл Викторович | B13: =Январь!B13 -> Курьер | C13: =VLOOKUP(B13,$K$2:$L$6,2,0) -> 6750 | D13: =RANDBETWEEN(5000,20000) -> 8111 | E13: =SUM(C13,D13) -> 14861
A14: Семёнова Татьяна Фёдоровна | B14: =Январь!B14 -> Директор | C14: =VLOOKUP(B14,$K$2:$L$6,2,0) -> 29800 | D14: =RANDBETWEEN(5000,20000) -> 7377 | E14: =SUM(C14,D14) -> 37177
A15: Михайлов Артём Ильич | B15: =Январь!B15 -> Админимстратор | C15: =VLOOKUP(B15,$K$2:$L$6,2,0) -> 20000 | D15: =RANDBETWEEN(5000,20000) -> 15598 | E15: =SUM(C15,D15) -> 35598
A16: Орлова Светлана Григорьевна | B16: =Январь!B16 -> Курьер | C16: =VLOOKUP(B16,$K$2:$L$6,2,0) -> 6750 | D16: =RANDBETWEEN(5000,20000) -> 16384 | E16: =SUM(C16,D16) -> 23134
A17: Зайцев Роман Юрьевич | B17: =Январь!B17 -> Уборщик | C17: =VLOOKUP(B17,$K$2:$L$6,2,0) -> 8500 | D17: =RANDBETWEEN(5000,20000) -> 12928 | E17: =SUM(C17,D17) -> 21428
A18: Егорова Надежда Степановна | B18: =Январь!B18 -> Бариста | C18: =VLOOKUP(B18,$K$2:$L$6,2,0) -> 16000 | D18: =RANDBETWEEN(5000,20000) -> 13565 | E18: =SUM(C18,D18) -> 29565
... A31: Павлов Станислав Владимирович | B31: =Январь!B31 -> Уборщик | C31: =VLOOKUP(B31,$K$2:$L$6,2,0) -> 8500 | D31: =RANDBETWEEN(5000,20000) -> 15121 | E31: =SUM(C31,D31) -> 23621

Sheet Август
A1: ФИО | B1: Должность | C1: Оклад | D1: Премия | E1: Заработна плата | K1: Должность | L1: Оклад
A2: Межуев Сергей Иванович | B2: =Январь!B2 -> Уборщик | C2: =VLOOKUP(B2,$K$2:$L$6,2,0) -> 9500 | D2: =RANDBETWEEN(5000,20000) -> 13358 | E2: =SUM(C2,D2) -> 22858 | K2: Директор | L2: 26500
A3: Петров Иван Сергеевич | B3: =Январь!B3 -> Бариста | C3: =VLOOKUP(B3,$K$2:$L$6,2,0) -> 18250 | D3: =RANDBETWEEN(5000,20000) -> 5474 | E3: =SUM(C3,D3) -> 23724 | K3: Админимстратор | L3: 25000
A4: Смирнова Анна Дмитриевна | B4: =Январь!B4 -> Бариста | C4: =VLOOKUP(B4,$K$2:$L$6,2,0) -> 18250 | D4: =RANDBETWEEN(5000,20000) -> 16610 | E4: =SUM(C4,D4) -> 34860 | K4: Бариста | L4: 18250
A5: Козлов Дмитрий Александрович | B5: =Январь!B5 -> Админимстратор | C5: =VLOOKUP(B5,$K$2:$L$6,2,0) -> 25000 | D5: =RANDBETWEEN(5000,20000) -> 9686 | E5: =SUM(C5,D5) -> 34686 | K5: Уборщик | L5: 9500
A6: Васильева Елена Михайловна | B6: =Январь!B6 -> Директор | C6: =VLOOKUP(B6,$K$2:$L$6,2,0) -> 26500 | D6: =RANDBETWEEN(5000,20000) -> 10420 | E6: =SUM(C6,D6) -> 36920 | K6: Курьер | L6: 7500
A7: Новиков Андрей Владимирович | B7: =Январь!B7 -> Курьер | C7: =VLOOKUP(B7,$K$2:$L$6,2,0) -> 7500 | D7: =RANDBETWEEN(5000,20000) -> 12956 | E7: =SUM(C7,D7) -> 20456
A8: Соколова Ольга Николаевна | B8: =Январь!B8 -> Курьер | C8: =VLOOKUP(B8,$K$2:$L$6,2,0) -> 7500 | D8: =RANDBETWEEN(5000,20000) -> 7949 | E8: =SUM(C8,D8) -> 15449
A9: Фёдоров Максим Петрович | B9: =Январь!B9 -> Уборщик | C9: =VLOOKUP(B9,$K$2:$L$6,2,0) -> 9500 | D9: =RANDBETWEEN(5000,20000) -> 9499 | E9: =SUM(C9,D9) -> 18999
A10: Лебедева Ирина Константиновна | B10: =Январь!B10 -> Бариста | C10: =VLOOKUP(B10,$K$2:$L$6,2,0) -> 18250 | D10: =RANDBETWEEN(5000,20000) -> 14049 | E10: =SUM(C10,D10) -> 32299
A11: Морозов Никита Андреевич | B11: =Январь!B11 -> Курьер | C11: =VLOOKUP(B11,$K$2:$L$6,2,0) -> 7500 | D11: =RANDBETWEEN(5000,20000) -> 17257 | E11: =SUM(C11,D11) -> 24757
A12: Волкова Юлия Павловна | B12: =Январь!B12 -> Уборщик | C12: =VLOOKUP(B12,$K$2:$L$6,2,0) -> 9500 | D12: =RANDBETWEEN(5000,20000) -> 7391 | E12: =SUM(C12,D12) -> 16891
A13: Павлов Кирилл Викторович | B13: =Январь!B13 -> Курьер | C13: =VLOOKUP(B13,$K$2:$L$6,2,0) -> 7500 | D13: =RANDBETWEEN(5000,20000) -> 6151 | E13: =SUM(C13,D13) -> 13651
A14: Семёнова Татьяна Фёдоровна | B14: =Январь!B14 -> Директор | C14: =VLOOKUP(B14,$K$2:$L$6,2,0) -> 26500 | D14: =RANDBETWEEN(5000,20000) -> 18220 | E14: =SUM(C14,D14) -> 44720
A15: Михайлов Артём Ильич | B15: =Январь!B15 -> Админимстратор | C15: =VLOOKUP(B15,$K$2:$L$6,2,0) -> 25000 | D15: =RANDBETWEEN(5000,20000) -> 10223 | E15: =SUM(C15,D15) -> 35223
A16: Орлова Светлана Григорьевна | B16: =Январь!B16 -> Курьер | C16: =VLOOKUP(B16,$K$2:$L$6,2,0) -> 7500 | D16: =RANDBETWEEN(5000,20000) -> 11770 | E16: =SUM(C16,D16) -> 19270
A17: Зайцев Роман Юрьевич | B17: =Январь!B17 -> Уборщик | C17: =VLOOKUP(B17,$K$2:$L$6,2,0) -> 9500 | D17: =RANDBETWEEN(5000,20000) -> 7087 | E17: =SUM(C17,D17) -> 16587
A18: Егорова Надежда Степановна | B18: =Январь!B18 -> Бариста | C18: =VLOOKUP(B18,$K$2:$L$6,2,0) -> 18250 | D18: =RANDBETWEEN(5000,20000) -> 16743 | E18: =SUM(C18,D18) -> 34993
... A31: Павлов Станислав Владимирович | B31: =Январь!B31 -> Уборщик | C31: =VLOOKUP(B31,$K$2:$L$6,2,0) -> 9500 | D31: =RANDBETWEEN(5000,20000) -> 16125 | E31: =SUM(C31,D31) -> 25625

Sheet сентябрь
A1: ФИО | B1: Должность | C1: Оклад | D1: Премия | E1: Заработна плата | K1: Должность | L1: Оклад
A2: Межуев Сергей Иванович | B2: =Январь!B2 -> Уборщик | C2: =VLOOKUP(B2,$K$2:$L$6,2,0) -> 11500 | D2: =RANDBETWEEN(5000,20000) -> 9964 | E2: =SUM(C2,D2) -> 21464 | K2: Директор | L2: 30000
A3: Петров Иван Сергеевич | B3: =Январь!B3 -> Бариста | C3: =VLOOKUP(B3,$K$2:$L$6,2,0) -> 18750 | D3: =RANDBETWEEN(5000,20000) -> 6169 | E3: =SUM(C3,D3) -> 24919 | K3: Админимстратор | L3: 29999
A4: Смирнова Анна Дмитриевна | B4: =Январь!B4 -> Бариста | C4: =VLOOKUP(B4,$K$2:$L$6,2,0) -> 18750 | D4: =RANDBETWEEN(5000,20000) -> 12027 | E4: =SUM(C4,D4) -> 30777 | K4: Бариста | L4: 18750
A5: Козлов Дмитрий Александрович | B5: =Январь!B5 -> Админимстратор | C5: =VLOOKUP(B5,$K$2:$L$6,2,0) -> 29999 | D5: =RANDBETWEEN(5000,20000) -> 18977 | E5: =SUM(C5,D5) -> 48976 | K5: Уборщик | L5: 11500
A6: Васильева Елена Михайловна | B6: =Январь!B6 -> Директор | C6: =VLOOKUP(B6,$K$2:$L$6,2,0) -> 30000 | D6: =RANDBETWEEN(5000,20000) -> 5886 | E6: =SUM(C6,D6) -> 35886 | K6: Курьер | L6: 5750
A7: Новиков Андрей Владимирович | B7: =Январь!B7 -> Курьер | C7: =VLOOKUP(B7,$K$2:$L$6,2,0) -> 5750 | D7: =RANDBETWEEN(5000,20000) -> 17325 | E7: =SUM(C7,D7) -> 23075
A8: Соколова Ольга Николаевна | B8: =Январь!B8 -> Курьер | C8: =VLOOKUP(B8,$K$2:$L$6,2,0) -> 5750 | D8: =RANDBETWEEN(5000,20000) -> 9156 | E8: =SUM(C8,D8) -> 14906
A9: Фёдоров Максим Петрович | B9: =Январь!B9 -> Уборщик | C9: =VLOOKUP(B9,$K$2:$L$6,2,0) -> 11500 | D9: =RANDBETWEEN(5000,20000) -> 12928 | E9: =SUM(C9,D9) -> 24428
A10: Лебедева Ирина Константиновна | B10: =Январь!B10 -> Бариста | C10: =VLOOKUP(B10,$K$2:$L$6,2,0) -> 18750 | D10: =RANDBETWEEN(5000,20000) -> 7827 | E10: =SUM(C10,D10) -> 26577
A11: Морозов Никита Андреевич | B11: =Январь!B11 -> Курьер | C11: =VLOOKUP(B11,$K$2:$L$6,2,0) -> 5750 | D11: =RANDBETWEEN(5000,20000) -> 13433 | E11: =SUM(C11,D11) -> 19183
A12: Волкова Юлия Павловна | B12: =Январь!B12 -> Уборщик | C12: =VLOOKUP(B12,$K$2:$L$6,2,0) -> 11500 | D12: =RANDBETWEEN(5000,20000) -> 5429 | E12: =SUM(C12,D12) -> 16929
A13: Павлов Кирилл Викторович | B13: =Январь!B13 -> Курьер | C13: =VLOOKUP(B13,$K$2:$L$6,2,0) -> 5750 | D13: =RANDBETWEEN(5000,20000) -> 17048 | E13: =SUM(C13,D13) -> 22798
A14: Семёнова Татьяна Фёдоровна | B14: =Январь!B14 -> Директор | C14: =VLOOKUP(B14,$K$2:$L$6,2,0) -> 30000 | D14: =RANDBETWEEN(5000,20000) -> 7268 | E14: =SUM(C14,D14) -> 37268
A15: Михайлов Артём Ильич | B15: =Январь!B15 -> Админимстратор | C15: =VLOOKUP(B15,$K$2:$L$6,2,0) -> 29999 | D15: =RANDBETWEEN(5000,20000) -> 12374 | E15: =SUM(C15,D15) -> 42373
A16: Орлова Светлана Григорьевна | B16: =Январь!B16 -> Курьер | C16: =VLOOKUP(B16,$K$2:$L$6,2,0) -> 5750 | D16: =RANDBETWEEN(5000,20000) -> 11861 | E16: =SUM(C16,D16) -> 17611
A17: Зайцев Роман Юрьевич | B17: =Январь!B17 -> Уборщик | C17: =VLOOKUP(B17,$K$2:$L$6,2,0) -> 11500 | D17: =RANDBETWEEN(5000,20000) -> 8282 | E17: =SUM(C17,D17) -> 19782
A18: Егорова Надежда Степановна | B18: =Январь!B18 -> Бариста | C18: =VLOOKUP(B18,$K$2:$L$6,2,0) -> 18750 | D18: =RANDBETWEEN(5000,20000) -> 10461 | E18: =SUM(C18,D18) -> 29211
... A31: Павлов Станислав Владимирович | B31: =Январь!B31 -> Уборщик | C31: =VLOOKUP(B31,$K$2:$L$6,2,0) -> 11500 | D31: =RANDBETWEEN(5000,20000) -> 10239 | E31: =SUM(C31,D31) -> 21739

Sheet Октябрь
A1: ФИО | B1: Должность | C1: Оклад | D1: Премия | E1: Заработна плата | K1: Должность | L1: Оклад
A2: Межуев Сергей Иванович | B2: =Январь!B2 -> Уборщик | C2: =VLOOKUP(B2,$K$2:$L$6,2,0) -> 9500 | D2: =RANDBETWEEN(5000,20000) -> 13154 | E2: =SUM(C2,D2) -> 22654 | K2: Директор | L2: 31000
A3: Петров Иван Сергеевич | B3: =Январь!B3 -> Бариста | C3: =VLOOKUP(B3,$K$2:$L$6,2,0) -> 19750 | D3: =RANDBETWEEN(5000,20000) -> 5418 | E3: =SUM(C3,D3) -> 25168 | K3: Админимстратор | L3: 27500
A4: Смирнова Анна Дмитриевна | B4: =Январь!B4 -> Бариста | C4: =VLOOKUP(B4,$K$2:$L$6,2,0) -> 19750 | D4: =RANDBETWEEN(5000,20000) -> 13982 | E4: =SUM(C4,D4) -> 33732 | K4: Бариста | L4: 19750
A5: Козлов Дмитрий Александрович | B5: =Январь!B5 -> Админимстратор | C5: =VLOOKUP(B5,$K$2:$L$6,2,0) -> 27500 | D5: =RANDBETWEEN(5000,20000) -> 17855 | E5: =SUM(C5,D5) -> 45355 | K5: Уборщик | L5: 9500
A6: Васильева Елена Михайловна | B6: =Январь!B6 -> Директор | C6: =VLOOKUP(B6,$K$2:$L$6,2,0) -> 31000 | D6: =RANDBETWEEN(5000,20000) -> 12980 | E6: =SUM(C6,D6) -> 43980 | K6: Курьер | L6: 8750
A7: Новиков Андрей Владимирович | B7: =Январь!B7 -> Курьер | C7: =VLOOKUP(B7,$K$2:$L$6,2,0) -> 8750 | D7: =RANDBETWEEN(5000,20000) -> 10684 | E7: =SUM(C7,D7) -> 19434
A8: Соколова Ольга Николаевна | B8: =Январь!B8 -> Курьер | C8: =VLOOKUP(B8,$K$2:$L$6,2,0) -> 8750 | D8: =RANDBETWEEN(5000,20000) -> 18751 | E8: =SUM(C8,D8) -> 27501
A9: Фёдоров Максим Петрович | B9: =Январь!B9 -> Уборщик | C9: =VLOOKUP(B9,$K$2:$L$6,2,0) -> 9500 | D9: =RANDBETWEEN(5000,20000) -> 16236 | E9: =SUM(C9,D9) -> 25736
A10: Лебедева Ирина Константиновна | B10: =Январь!B10 -> Бариста | C10: =VLOOKUP(B10,$K$2:$L$6,2,0) -> 19750 | D10: =RANDBETWEEN(5000,20000) -> 8727 | E10: =SUM(C10,D10) -> 28477
A11: Морозов Никита Андреевич | B11: =Январь!B11 -> Курьер | C11: =VLOOKUP(B11,$K$2:$L$6,2,0) -> 8750 | D11: =RANDBETWEEN(5000,20000) -> 15675 | E11: =SUM(C11,D11) -> 24425
A12: Волкова Юлия Павловна | B12: =Январь!B12 -> Уборщик | C12: =VLOOKUP(B12,$K$2:$L$6,2,0) -> 9500 | D12: =RANDBETWEEN(5000,20000) -> 11278 | E12: =SUM(C12,D12) -> 20778
A13: Павлов Кирилл Викторович | B13: =Январь!B13 -> Курьер | C13: =VLOOKUP(B13,$K$2:$L$6,2,0) -> 8750 | D13: =RANDBETWEEN(5000,20000) -> 12709 | E13: =SUM(C13,D13) -> 21459
A14: Семёнова Татьяна Фёдоровна | B14: =Январь!B14 -> Директор | C14: =VLOOKUP(B14,$K$2:$L$6,2,0) -> 31000 | D14: =RANDBETWEEN(5000,20000) -> 9436 | E14: =SUM(C14,D14) -> 40436
A15: Михайлов Артём Ильич | B15: =Январь!B15 -> Админимстратор | C15: =VLOOKUP(B15,$K$2:$L$6,2,0) -> 27500 | D15: =RANDBETWEEN(5000,20000) -> 17420 | E15: =SUM(C15,D15) -> 44920
A16: Орлова Светлана Григорьевна | B16: =Январь!B16 -> Курьер | C16: =VLOOKUP(B16,$K$2:$L$6,2,0) -> 8750 | D16: =RANDBETWEEN(5000,20000) -> 12243 | E16: =SUM(C16,D16) -> 20993
A17: Зайцев Роман Юрьевич | B17: =Январь!B17 -> Уборщик | C17: =VLOOKUP(B17,$K$2:$L$6,2,0) -> 9500 | D17: =RANDBETWEEN(5000,20000) -> 14279 | E17: =SUM(C17,D17) -> 23779
A18: Егорова Надежда Степановна | B18: =Январь!B18 -> Бариста | C18: =VLOOKUP(B18,$K$2:$L$6,2,0) -> 19750 | D18: =RANDBETWEEN(5000,20000) -> 5100 | E18: =SUM(C18,D18) -> 24850
... A31: Павлов Станислав Владимирович | B31: =Январь!B31 -> Уборщик | C31: =VLOOKUP(B31,$K$2:$L$6,2,0) -> 9500 | D31: =RANDBETWEEN(5000,20000) -> 8898 | E31: =SUM(C31,D31) -> 18398

Sheet Ноябрь
A1: ФИО | B1: Должность | C1: Оклад | D1: Премия | E1: Заработна плата | K1: Должность | L1: Оклад
A2: Межуев Сергей Иванович | B2: =Январь!B2 -> Уборщик | C2: =VLOOKUP(B2,$K$2:$L$6,2,0) -> 11550 | D2: =RANDBETWEEN(5000,20000) -> 11920 | E2: =SUM(C2,D2) -> 23470 | K2: Директор | L2: 35500
A3: Петров Иван Сергеевич | B3: =Январь!B3 -> Бариста | C3: =VLOOKUP(B3,$K$2:$L$6,2,0) -> 22450 | D3: =RANDBETWEEN(5000,20000) -> 12484 | E3: =SUM(C3,D3) -> 34934 | K3: Админимстратор | L3: 29500
A4: Смирнова Анна Дмитриевна | B4: =Январь!B4 -> Бариста | C4: =VLOOKUP(B4,$K$2:$L$6,2,0) -> 22450 | D4: =RANDBETWEEN(5000,20000) -> 15391 | E4: =SUM(C4,D4) -> 37841 | K4: Бариста | L4: 22450
A5: Козлов Дмитрий Александрович | B5: =Январь!B5 -> Админимстратор | C5: =VLOOKUP(B5,$K$2:$L$6,2,0) -> 29500 | D5: =RANDBETWEEN(5000,20000) -> 14066 | E5: =SUM(C5,D5) -> 43566 | K5: Уборщик | L5: 11550
A6: Васильева Елена Михайловна | B6: =Январь!B6 -> Директор | C6: =VLOOKUP(B6,$K$2:$L$6,2,0) -> 35500 | D6: =RANDBETWEEN(5000,20000) -> 8706 | E6: =SUM(C6,D6) -> 44206 | K6: Курьер | L6: 11000
A7: Новиков Андрей Владимирович | B7: =Январь!B7 -> Курьер | C7: =VLOOKUP(B7,$K$2:$L$6,2,0) -> 11000 | D7: =RANDBETWEEN(5000,20000) -> 11717 | E7: =SUM(C7,D7) -> 22717
A8: Соколова Ольга Николаевна | B8: =Январь!B8 -> Курьер | C8: =VLOOKUP(B8,$K$2:$L$6,2,0) -> 11000 | D8: =RANDBETWEEN(5000,20000) -> 11911 | E8: =SUM(C8,D8) -> 22911
A9: Фёдоров Максим Петрович | B9: =Январь!B9 -> Уборщик | C9: =VLOOKUP(B9,$K$2:$L$6,2,0) -> 11550 | D9: =RANDBETWEEN(5000,20000) -> 7853 | E9: =SUM(C9,D9) -> 19403
A10: Лебедева Ирина Константиновна | B10: =Январь!B10 -> Бариста | C10: =VLOOKUP(B10,$K$2:$L$6,2,0) -> 22450 | D10: =RANDBETWEEN(5000,20000) -> 6916 | E10: =SUM(C10,D10) -> 29366
A11: Морозов Никита Андреевич | B11: =Январь!B11 -> Курьер | C11: =VLOOKUP(B11,$K$2:$L$6,2,0) -> 11000 | D11: =RANDBETWEEN(5000,20000) -> 9007 | E11: =SUM(C11,D11) -> 20007
A12: Волкова Юлия Павловна | B12: =Январь!B12 -> Уборщик | C12: =VLOOKUP(B12,$K$2:$L$6,2,0) -> 11550 | D12: =RANDBETWEEN(5000,20000) -> 19729 | E12: =SUM(C12,D12) -> 31279
A13: Павлов Кирилл Викторович | B13: =Январь!B13 -> Курьер | C13: =VLOOKUP(B13,$K$2:$L$6,2,0) -> 11000 | D13: =RANDBETWEEN(5000,20000) -> 16837 | E13: =SUM(C13,D13) -> 27837
A14: Семёнова Татьяна Фёдоровна | B14: =Январь!B14 -> Директор | C14: =VLOOKUP(B14,$K$2:$L$6,2,0) -> 35500 | D14: =RANDBETWEEN(5000,20000) -> 6143 | E14: =SUM(C14,D14) -> 41643
A15: Михайлов Артём Ильич | B15: =Январь!B15 -> Админимстратор | C15: =VLOOKUP(B15,$K$2:$L$6,2,0) -> 29500 | D15: =RANDBETWEEN(5000,20000) -> 6023 | E15: =SUM(C15,D15) -> 35523
A16: Орлова Светлана Григорьевна | B16: =Январь!B16 -> Курьер | C16: =VLOOKUP(B16,$K$2:$L$6,2,0) -> 11000 | D16: =RANDBETWEEN(5000,20000) -> 7583 | E16: =SUM(C16,D16) -> 18583
A17: Зайцев Роман Юрьевич | B17: =Январь!B17 -> Уборщик | C17: =VLOOKUP(B17,$K$2:$L$6,2,0) -> 11550 | D17: =RANDBETWEEN(5000,20000) -> 14058 | E17: =SUM(C17,D17) -> 25608
A18: Егорова Надежда Степановна | B18: =Январь!B18 -> Бариста | C18: =VLOOKUP(B18,$K$2:$L$6,2,0) -> 22450 | D18: =RANDBETWEEN(5000,20000) -> 14032 | E18: =SUM(C18,D18) -> 36482
... A31: Павлов Станислав Владимирович | B31: =Январь!B31 -> Уборщик | C31: =VLOOKUP(B31,$K$2:$L$6,2,0) -> 11550 | D31: =RANDBETWEEN(5000,20000) -> 14553 | E31: =SUM(C31,D31) -> 26103

Sheet Декабрь
A1: ФИО | B1: Должность | C1: Оклад | D1: Премия | E1: Заработна плата | K1: Должность | L1: Оклад
A2: Межуев Сергей Иванович | B2: =Январь!B2 -> Уборщик | C2: =VLOOKUP(B2,$K$2:$L$6,2,0) -> 16550 | D2: =RANDBETWEEN(5000,20000) -> 18833 | E2: =SUM(C2,D2) -> 35383 | K2: Директор | L2: 40500
A3: Петров Иван Сергеевич | B3: =Январь!B3 -> Бариста | C3: =VLOOKUP(B3,$K$2:$L$6,2,0) -> 27450 | D3: =RANDBETWEEN(5000,20000) -> 10536 | E3: =SUM(C3,D3) -> 37986 | K3: Админимстратор | L3: 31750
A4: Смирнова Анна Дмитриевна | B4: =Январь!B4 -> Бариста | C4: =VLOOKUP(B4,$K$2:$L$6,2,0) -> 27450 | D4: =RANDBETWEEN(5000,20000) -> 19742 | E4: =SUM(C4,D4) -> 47192 | K4: Бариста | L4: 27450
A5: Козлов Дмитрий Александрович | B5: =Январь!B5 -> Админимстратор | C5: =VLOOKUP(B5,$K$2:$L$6,2,0) -> 31750 | D5: =RANDBETWEEN(5000,20000) -> 5887 | E5: =SUM(C5,D5) -> 37637 | K5: Уборщик | L5: 16550
A6: Васильева Елена Михайловна | B6: =Январь!B6 -> Директор | C6: =VLOOKUP(B6,$K$2:$L$6,2,0) -> 40500 | D6: =RANDBETWEEN(5000,20000) -> 8266 | E6: =SUM(C6,D6) -> 48766 | K6: Курьер | L6: 15250
A7: Новиков Андрей Владимирович | B7: =Январь!B7 -> Курьер | C7: =VLOOKUP(B7,$K$2:$L$6,2,0) -> 15250 | D7: =RANDBETWEEN(5000,20000) -> 8732 | E7: =SUM(C7,D7) -> 23982
A8: Соколова Ольга Николаевна | B8: =Январь!B8 -> Курьер | C8: =VLOOKUP(B8,$K$2:$L$6,2,0) -> 15250 | D8: =RANDBETWEEN(5000,20000) -> 17034 | E8: =SUM(C8,D8) -> 32284
A9: Фёдоров Максим Петрович | B9: =Январь!B9 -> Уборщик | C9: =VLOOKUP(B9,$K$2:$L$6,2,0) -> 16550 | D9: =RANDBETWEEN(5000,20000) -> 8596 | E9: =SUM(C9,D9) -> 25146
A10: Лебедева Ирина Константиновна | B10: =Январь!B10 -> Бариста | C10: =VLOOKUP(B10,$K$2:$L$6,2,0) -> 27450 | D10: =RANDBETWEEN(5000,20000) -> 9678 | E10: =SUM(C10,D10) -> 37128
A11: Морозов Никита Андреевич | B11: =Январь!B11 -> Курьер | C11: =VLOOKUP(B11,$K$2:$L$6,2,0) -> 15250 | D11: =RANDBETWEEN(5000,20000) -> 19999 | E11: =SUM(C11,D11) -> 35249
A12: Волкова Юлия Павловна | B12: =Январь!B12 -> Уборщик | C12: =VLOOKUP(B12,$K$2:$L$6,2,0) -> 16550 | D12: =RANDBETWEEN(5000,20000) -> 5159 | E12: =SUM(C12,D12) -> 21709
A13: Павлов Кирилл Викторович | B13: =Январь!B13 -> Курьер | C13: =VLOOKUP(B13,$K$2:$L$6,2,0) -> 15250 | D13: =RANDBETWEEN(5000,20000) -> 15032 | E13: =SUM(C13,D13) -> 30282
A14: Семёнова Татьяна Фёдоровна | B14: =Январь!B14 -> Директор | C14: =VLOOKUP(B14,$K$2:$L$6,2,0) -> 40500 | D14: =RANDBETWEEN(5000,20000) -> 5517 | E14: =SUM(C14,D14) -> 46017
A15: Михайлов Артём Ильич | B15: =Январь!B15 -> Админимстратор | C15: =VLOOKUP(B15,$K$2:$L$6,2,0) -> 31750 | D15: =RANDBETWEEN(5000,20000) -> 11919 | E15: =SUM(C15,D15) -> 43669
A16: Орлова Светлана Григорьевна | B16: =Январь!B16 -> Курьер | C16: =VLOOKUP(B16,$K$2:$L$6,2,0) -> 15250 | D16: =RANDBETWEEN(5000,20000) -> 9557 | E16: =SUM(C16,D16) -> 24807
A17: Зайцев Роман Юрьевич | B17: =Январь!B17 -> Уборщик | C17: =VLOOKUP(B17,$K$2:$L$6,2,0) -> 16550 | D17: =RANDBETWEEN(5000,20000) -> 7602 | E17: =SUM(C17,D17) -> 24152
A18: Егорова Надежда Степановна | B18: =Январь!B18 -> Бариста | C18: =VLOOKUP(B18,$K$2:$L$6,2,0) -> 27450 | D18: =RANDBETWEEN(5000,20000) -> 14311 | E18: =SUM(C18,D18) -> 41761
... A31: Павлов Станислав Владимирович | B31: =Январь!B31 -> Уборщик | C31: =VLOOKUP(B31,$K$2:$L$6,2,0) -> 16550 | D31: =RANDBETWEEN(5000,20000) -> 5003 | E31: =SUM(C31,D31) -> 21553

Sheet Лист13
A1: ФИО | B1: Январь | C1: Февраль | D1: Март | E1: Апрель | F1: Май | G1: Июнь | H1: Июль | I1: Август | J1: Сентябрь | K1: Октябрь | L1: Ноябрь | M1: Декабрь | N1: Итог
A2: Межуев Сергей Иванович | B2: =Январь!E2 -> 24698 | C2: =Фераль!E2 -> 21347 | D2: =Март!E2 -> 23536 | E2: =Апрель!E2 -> 23783 | F2: =Май!E2 -> 24558 | G2: =июнь!E2 -> 29049 | H2: =Июль!E2 -> 20788 | I2: =Август!E2 -> 22858 | J2: =сентябрь!E2 -> 21464 | K2: =Октябрь!E2 -> 22654 | L2: =Ноябрь!E2 -> 23470 | M2: =Декабрь!E2 -> 35383 | N2: =B2+C2+D2+E2+F2+G2+H2+I2+J2+K2+L2+M2 -> 293588
A3: Петров Иван Сергеевич | B3: =Январь!E3 -> 14746 | C3: =Фераль!E3 -> 14244 | D3: =Март!E3 -> 28420 | E3: =Апрель!E3 -> 20187 | F3: =Май!E3 -> 29650 | G3: =июнь!E3 -> 32508 | H3: =Июль!E3 -> 24689 | I3: =Август!E3 -> 23724 | J3: =сентябрь!E3 -> 24919 | K3: =Октябрь!E3 -> 25168 | L3: =Ноябрь!E3 -> 34934 | M3: =Декабрь!E3 -> 37986 | N3: =B3+C3+D3+E3+F3+G3+H3+I3+J3+K3+L3+M3 -> 311175
A4: Смирнова Анна Дмитриевна | B4: =Январь!E4 -> 13056 | C4: =Фераль!E4 -> 24761 | D4: =Март!E4 -> 22820 | E4: =Апрель!E4 -> 18174 | F4: =Май!E4 -> 22448 | G4: =июнь!E4 -> 31540 | H4: =Июль!E4 -> 35743 | I4: =Август!E4 -> 34860 | J4: =сентябрь!E4 -> 30777 | K4: =Октябрь!E4 -> 33732 | L4: =Ноябрь!E4 -> 37841 | M4: =Декабрь!E4 -> 47192 | N4: =B4+C4+D4+E4+F4+G4+H4+I4+J4+K4+L4+M4 -> 352944
A5: Козлов Дмитрий Александрович | B5: =Январь!E5 -> 15231 | C5: =Фераль!E5 -> 20469 | D5: =Март!E5 -> 23543 | E5: =Апрель!E5 -> 32642 | F5: =Май!E5 -> 36495 | G5: =июнь!E5 -> 38423 | H5: =Июль!E5 -> 26796 | I5: =Август!E5 -> 34686 | J5: =сентябрь!E5 -> 48976 | K5: =Октябрь!E5 -> 45355 | L5: =Ноябрь!E5 -> 43566 | M5: =Декабрь!E5 -> 37637 | N5: =B5+C5+D5+E5+F5+G5+H5+I5+J5+K5+L5+M5 -> 403819
A6: Васильева Елена Михайловна | B6: =Январь!E6 -> 32762 | C6: =Фераль!E6 -> 26075 | D6: =Март!E6 -> 36711 | E6: =Апрель!E6 -> 31742 | F6: =Май!E6 -> 46090 | G6: =июнь!E6 -> 43063 | H6: =Июль!E6 -> 46985 | I6: =Август!E6 -> 36920 | J6: =сентябрь!E6 -> 35886 | K6: =Октябрь!E6 -> 43980 | L6: =Ноябрь!E6 -> 44206 | M6: =Декабрь!E6 -> 48766 | N6: =B6+C6+D6+E6+F6+G6+H6+I6+J6+K6+L6+M6 -> 473186
A7: Новиков Андрей Владимирович | B7: =Январь!E7 -> 16995 | C7: =Фераль!E7 -> 24154 | D7: =Март!E7 -> 15290 | E7: =Апрель!E7 -> 15165 | F7: =Май!E7 -> 23315 | G7: =июнь!E7 -> 21372 | H7: =Июль!E7 -> 20861 | I7: =Август!E7 -> 20456 | J7: =сентябрь!E7 -> 23075 | K7: =Октябрь!E7 -> 19434 | L7: =Ноябрь!E7 -> 22717 | M7: =Декабрь!E7 -> 23982 | N7: =B7+C7+D7+E7+F7+G7+H7+I7+J7+K7+L7+M7 -> 246816
A8: Соколова Ольга Николаевна | B8: =Январь!E8 -> 14655 | C8: =Фераль!E8 -> 14220 | D8: =Март!E8 -> 17616 | E8: =Апрель!E8 -> 13875 | F8: =Май!E8 -> 20539 | G8: =июнь!E8 -> 17203 | H8: =Июль!E8 -> 22907 | I8: =Август!E8 -> 15449 | J8: =сентябрь!E8 -> 14906 | K8: =Октябрь!E8 -> 27501 | L8: =Ноябрь!E8 -> 22911 | M8: =Декабрь!E8 -> 32284 | N8: =B8+C8+D8+E8+F8+G8+H8+I8+J8+K8+L8+M8 -> 234066
A9: Фёдоров Максим Петрович | B9: =Январь!E9 -> 11881 | C9: =Фераль!E9 -> 13676 | D9: =Март!E9 -> 13257 | E9: =Апрель!E9 -> 13034 | F9: =Май!E9 -> 14134 | G9: =июнь!E9 -> 20609 | H9: =Июль!E9 -> 18175 | I9: =Август!E9 -> 18999 | J9: =сентябрь!E9 -> 24428 | K9: =Октябрь!E9 -> 25736 | L9: =Ноябрь!E9 -> 19403 | M9: =Декабрь!E9 -> 25146 | N9: =B9+C9+D9+E9+F9+G9+H9+I9+J9+K9+L9+M9 -> 218478
A10: Лебедева Ирина Константиновна | B10: =Январь!E10 -> 18811 | C10: =Фераль!E10 -> 22500 | D10: =Март!E10 -> 27293 | E10: =Апрель!E10 -> 25587 | F10: =Май!E10 -> 33631 | G10: =июнь!E10 -> 28397 | H10: =Июль!E10 -> 28816 | I10: =Август!E10 -> 32299 | J10: =сентябрь!E10 -> 26577 | K10: =Октябрь!E10 -> 28477 | L10: =Ноябрь!E10 -> 29366 | M10: =Декабрь!E10 -> 37128 | N10: =B10+C10+D10+E10+F10+G10+H10+I10+J10+K10+L10+M10 -> 338882
A11: Морозов Никита Андреевич | B11: =Январь!E11 -> 13348 | C11: =Фераль!E11 -> 21676 | D11: =Март!E11 -> 16956 | E11: =Апрель!E11 -> 27186 | F11: =Май!E11 -> 14132 | G11: =июнь!E11 -> 24800 | H11: =Июль!E11 -> 12365 | I11: =Август!E11 -> 24757 | J11: =сентябрь!E11 -> 19183 | K11: =Октябрь!E11 -> 24425 | L11: =Ноябрь!E11 -> 20007 | M11: =Декабрь!E11 -> 35249 | N11: =B11+C11+D11+E11+F11+G11+H11+I11+J11+K11+L11+M11 -> 254084
A12: Волкова Юлия Павловна | B12: =Январь!E12 -> 18476 | C12: =Фераль!E12 -> 14774 | D12: =Март!E12 -> 26358 | E12: =Апрель!E12 -> 14543 | F12: =Май!E12 -> 13011 | G12: =июнь!E12 -> 18824 | H12: =Июль!E12 -> 17299 | I12: =Август!E12 -> 16891 | J12: =сентябрь!E12 -> 16929 | K12: =Октябрь!E12 -> 20778 | L12: =Ноябрь!E12 -> 31279 | M12: =Декабрь!E12 -> 21709 | N12: =B12+C12+D12+E12+F12+G12+H12+I12+J12+K12+L12+M12 -> 230871
A13: Павлов Кирилл Викторович | B13: =Январь!E13 -> 13340 | C13: =Фераль!E13 -> 23690 | D13: =Март!E13 -> 14211 | E13: =Апрель!E13 -> 17050 | F13: =Май!E13 -> 22951 | G13: =июнь!E13 -> 29026 | H13: =Июль!E13 -> 14861 | I13: =Август!E13 -> 13651 | J13: =сентябрь!E13 -> 22798 | K13: =Октябрь!E13 -> 21459 | L13: =Ноябрь!E13 -> 27837 | M13: =Декабрь!E13 -> 30282 | N13: =B13+C13+D13+E13+F13+G13+H13+I13+J13+K13+L13+M13 -> 251156
... A31: Павлов Станислав Владимирович | B31: =Январь!E31 -> 19308 | C31: =Фераль!E31 -> 20572 | D31: =Март!E31 -> 24593 | E31: =Апрель!E31 -> 13442 | F31: =Май!E31 -> 23918 | G31: =июнь!E31 -> 25034 | H31: =Июль!E31 -> 23621 | I31: =Август!E31 -> 25625 | J31: =сентябрь!E31 -> 21739 | K31: =Октябрь!E31 -> 18398 | L31: =Ноябрь!E31 -> 26103 | M31: =Декабрь!E31 -> 21553 | N31: =B31+C31+D31+E31+F31+G31+H31+I31+J31+K31+L31+M31 -> 263906
